﻿<?xml version="1.0" encoding="utf-8"?>
<RoleModel xmlns:xsi="http://www.w3.org/2001/XMLSchema-instance" xmlns:xsd="http://www.w3.org/2001/XMLSchema" name="StorageRoleMVC4" version="1.7.30602.1703" xmlns="http://schemas.microsoft.com/ServiceHosting/2008/10/ServiceDefinition">
  <Startup>
    <Task commandLine="DiagnosticsAgent.exe" taskType="background" relativePath="plugins\Diagnostics">
      <Environment>
        <Variable name="RdModuleName" value="Diagnostics" />
        <Variable name="WaRoleType" value="IISWebRole" />
      </Environment>
    </Task>
    <Task commandLine="DiagnosticsAgent.exe /blockStartup" relativePath="plugins\Diagnostics">
      <Environment>
        <Variable name="RdModuleName" value="Diagnostics" />
        <Variable name="WaRoleType" value="IISWebRole" />
      </Environment>
    </Task>
    <Task commandLine="RemoteAccessAgent.exe" executionContext="elevated" taskType="background" relativePath="plugins\RemoteAccess">
      <Environment>
        <Variable name="RdModuleName" value="RemoteAccess" />
        <Variable name="WaRoleType" value="IISWebRole" />
      </Environment>
    </Task>
    <Task commandLine="RemoteAccessAgent.exe /blockStartup" executionContext="elevated" relativePath="plugins\RemoteAccess">
      <Environment>
        <Variable name="RdModuleName" value="RemoteAccess" />
        <Variable name="WaRoleType" value="IISWebRole" />
      </Environment>
    </Task>
    <Task commandLine="install.cmd" executionContext="elevated" relativePath="plugins\RemoteForwarder">
      <Environment>
        <Variable name="IsEmulated">
          <RoleInstanceValue xpath="/RoleEnvironment/Deployment/@emulated" />
        </Variable>
        <Variable name="RdModuleName" value="RemoteForwarder" />
        <Variable name="WaRoleType" value="IISWebRole" />
      </Environment>
    </Task>
    <Task commandLine="ConfigureIIS.cmd &gt; WebDeployConfig.log" executionContext="elevated" relativePath="plugins\WebDeploy">
      <Environment>
        <Variable name="RdModuleName" value="WebDeploy" />
        <Variable name="WaRoleType" value="IISWebRole" />
      </Environment>
    </Task>
  </Startup>
  <Runtime>
    <EntryPoint>
      <NetFxEntryPoint assemblyName="StorageRoleMVC4.dll" targetFrameworkVersion="v3.5" />
    </EntryPoint>
  </Runtime>
  <ConfigurationSettings>
    <Setting name="ConnectionString" nameSpace="Microsoft.WindowsAzure.Plugins.Diagnostics" />
    <Setting name="Enabled" nameSpace="Microsoft.WindowsAzure.Plugins.RemoteAccess" />
    <Setting name="AccountUsername" nameSpace="Microsoft.WindowsAzure.Plugins.RemoteAccess" />
    <Setting name="AccountEncryptedPassword" nameSpace="Microsoft.WindowsAzure.Plugins.RemoteAccess" />
    <Setting name="AccountExpiration" nameSpace="Microsoft.WindowsAzure.Plugins.RemoteAccess" />
    <Setting name="Enabled" nameSpace="Microsoft.WindowsAzure.Plugins.RemoteForwarder" />
  </ConfigurationSettings>
  <Properties>
    <Property name="TargetFrameworkVersion" value="v4.0" />
    <Property name="RoleType" value="Web" />
    <Property name="RoleName" value="StorageRoleMVC4" />
    <Property name="ProjectName" value="StorageRoleMVC4" />
    <Property name="Configuration" value="Debug" />
    <Property name="Platform" value="AnyCPU" />
    <Property name="RoleTargetFramework" value="v4.0" />
    <Property name="OutputDir" value="E:\Andy Docs\Visual Studio 2010\Projects\AzureWebApi\AzureTableStorageService\obj\Debug\StorageRoleMVC4\" />
    <Property name="EntryPoint" value="StorageRoleMVC4.dll" />
    <Property name="SourceDir" value="E:\Andy Docs\Visual Studio 2010\Projects\AzureWebApi\StorageRoleMVC4\" />
    <Property name="SitePhysicalPath" value="E:\Andy Docs\Visual Studio 2010\Projects\AzureWebApi\AzureTableStorageService\obj\Debug\StorageRoleMVC4\" />
    <Property name="TargetRuntimeVersion" value="v4.0" />
  </Properties>
  <Sites>
    <Site name="Web" physicalDirectory="E:\Andy Docs\Visual Studio 2010\Projects\AzureWebApi\AzureTableStorageService\obj\Debug\StorageRoleMVC4\">
      <Bindings>
        <Binding name="Endpoint1" endpointName="Endpoint1" />
      </Bindings>
    </Site>
  </Sites>
</RoleModel>